episode,return
1,-125.86447958735259
2,-115.08127322129874
3,-227.7930536173216
4,-323.2508113295717
5,-225.9671378746439
6,-125.2968457605587
7,-124.95874954804887
8,-127.17895180128833
9,-125.74842063560148
10,-233.4126596861408
11,-243.3835562588427
12,-241.5839420854481
13,-0.8355398237201171
14,-221.14664459237198
15,-236.84079112288006
16,-128.3063942122794
17,-127.8151565608245
18,-124.32972909760429
19,-117.22905979239697
20,-229.67813167356087
